Country Name,Country Code,Indicator Name,Indicator Code,Year,CO2_per_capita
Brunei Darussalam,BRN,Carbon dioxide (CO2) emissions excluding LULUCF per capita (t CO2e/capita),EN.GHG.CO2.PC.CE.AR5,1990,16.8434576876675
Indonesia,IDN,Carbon dioxide (CO2) emissions excluding LULUCF per capita (t CO2e/capita),EN.GHG.CO2.PC.CE.AR5,1990,0.881619792814537
Cambodia,KHM,Carbon dioxide (CO2) emissions excluding LULUCF per capita (t CO2e/capita),EN.GHG.CO2.PC.CE.AR5,1990,0.0586189203379314
Lao PDR,LAO,Carbon dioxide (CO2) emissions excluding LULUCF per capita (t CO2e/capita),EN.GHG.CO2.PC.CE.AR5,1990,0.0597408831956734
Myanmar,MMR,Carbon dioxide (CO2) emissions excluding LULUCF per capita (t CO2e/capita),EN.GHG.CO2.PC.CE.AR5,1990,0.111318583997675
Malaysia,MYS,Carbon dioxide (CO2) emissions excluding LULUCF per capita (t CO2e/capita),EN.GHG.CO2.PC.CE.AR5,1990,3.61249830442382
Philippines,PHL,Carbon dioxide (CO2) emissions excluding LULUCF per capita (t CO2e/capita),EN.GHG.CO2.PC.CE.AR5,1990,0.677384873861234
Singapore,SGP,Carbon dioxide (CO2) emissions excluding LULUCF per capita (t CO2e/capita),EN.GHG.CO2.PC.CE.AR5,1990,10.3862254736585
Thailand,THA,Carbon dioxide (CO2) emissions excluding LULUCF per capita (t CO2e/capita),EN.GHG.CO2.PC.CE.AR5,1990,1.74219238588741
World,WLD,Carbon dioxide (CO2) emissions excluding LULUCF per capita (t CO2e/capita),EN.GHG.CO2.PC.CE.AR5,1990,4.15228267569173
Brunei Darussalam,BRN,Carbon dioxide (CO2) emissions excluding LULUCF per capita (t CO2e/capita),EN.GHG.CO2.PC.CE.AR5,1991,18.6960197413517
Indonesia,IDN,Carbon dioxide (CO2) emissions excluding LULUCF per capita (t CO2e/capita),EN.GHG.CO2.PC.CE.AR5,1991,0.935142133635504
Cambodia,KHM,Carbon dioxide (CO2) emissions excluding LULUCF per capita (t CO2e/capita),EN.GHG.CO2.PC.CE.AR5,1991,0.0620410181023436
Lao PDR,LAO,Carbon dioxide (CO2) emissions excluding LULUCF per capita (t CO2e/capita),EN.GHG.CO2.PC.CE.AR5,1991,0.0710240403975723
Myanmar,MMR,Carbon dioxide (CO2) emissions excluding LULUCF per capita (t CO2e/capita),EN.GHG.CO2.PC.CE.AR5,1991,0.1062331940409
Malaysia,MYS,Carbon dioxide (CO2) emissions excluding LULUCF per capita (t CO2e/capita),EN.GHG.CO2.PC.CE.AR5,1991,4.10541353658919
Philippines,PHL,Carbon dioxide (CO2) emissions excluding LULUCF per capita (t CO2e/capita),EN.GHG.CO2.PC.CE.AR5,1991,0.665281201966088
Singapore,SGP,Carbon dioxide (CO2) emissions excluding LULUCF per capita (t CO2e/capita),EN.GHG.CO2.PC.CE.AR5,1991,10.6788560302869
Thailand,THA,Carbon dioxide (CO2) emissions excluding LULUCF per capita (t CO2e/capita),EN.GHG.CO2.PC.CE.AR5,1991,1.86897008945452
World,WLD,Carbon dioxide (CO2) emissions excluding LULUCF per capita (t CO2e/capita),EN.GHG.CO2.PC.CE.AR5,1991,4.1058860603842
Brunei Darussalam,BRN,Carbon dioxide (CO2) emissions excluding LULUCF per capita (t CO2e/capita),EN.GHG.CO2.PC.CE.AR5,1992,19.8685141880899
Indonesia,IDN,Carbon dioxide (CO2) emissions excluding LULUCF per capita (t CO2e/capita),EN.GHG.CO2.PC.CE.AR5,1992,0.960601996980232
Cambodia,KHM,Carbon dioxide (CO2) emissions excluding LULUCF per capita (t CO2e/capita),EN.GHG.CO2.PC.CE.AR5,1992,0.0644514545210495
Lao PDR,LAO,Carbon dioxide (CO2) emissions excluding LULUCF per capita (t CO2e/capita),EN.GHG.CO2.PC.CE.AR5,1992,0.0761901252860419
Myanmar,MMR,Carbon dioxide (CO2) emissions excluding LULUCF per capita (t CO2e/capita),EN.GHG.CO2.PC.CE.AR5,1992,0.111097973247696
Malaysia,MYS,Carbon dioxide (CO2) emissions excluding LULUCF per capita (t CO2e/capita),EN.GHG.CO2.PC.CE.AR5,1992,4.20951429106008
Philippines,PHL,Carbon dioxide (CO2) emissions excluding LULUCF per capita (t CO2e/capita),EN.GHG.CO2.PC.CE.AR5,1992,0.707203707179817
Singapore,SGP,Carbon dioxide (CO2) emissions excluding LULUCF per capita (t CO2e/capita),EN.GHG.CO2.PC.CE.AR5,1992,10.5852048071346
Thailand,THA,Carbon dioxide (CO2) emissions excluding LULUCF per capita (t CO2e/capita),EN.GHG.CO2.PC.CE.AR5,1992,2.01674777158857
World,WLD,Carbon dioxide (CO2) emissions excluding LULUCF per capita (t CO2e/capita),EN.GHG.CO2.PC.CE.AR5,1992,4.01346008260115
Brunei Darussalam,BRN,Carbon dioxide (CO2) emissions excluding LULUCF per capita (t CO2e/capita),EN.GHG.CO2.PC.CE.AR5,1993,19.5356192525571
Indonesia,IDN,Carbon dioxide (CO2) emissions excluding LULUCF per capita (t CO2e/capita),EN.GHG.CO2.PC.CE.AR5,1993,1.03387458321859
Cambodia,KHM,Carbon dioxide (CO2) emissions excluding LULUCF per capita (t CO2e/capita),EN.GHG.CO2.PC.CE.AR5,1993,0.0615455607174288
Lao PDR,LAO,Carbon dioxide (CO2) emissions excluding LULUCF per capita (t CO2e/capita),EN.GHG.CO2.PC.CE.AR5,1993,0.0781420088536753
Myanmar,MMR,Carbon dioxide (CO2) emissions excluding LULUCF per capita (t CO2e/capita),EN.GHG.CO2.PC.CE.AR5,1993,0.122575958144522
Malaysia,MYS,Carbon dioxide (CO2) emissions excluding LULUCF per capita (t CO2e/capita),EN.GHG.CO2.PC.CE.AR5,1993,4.11425153384647
Philippines,PHL,Carbon dioxide (CO2) emissions excluding LULUCF per capita (t CO2e/capita),EN.GHG.CO2.PC.CE.AR5,1993,0.744520030402208
Singapore,SGP,Carbon dioxide (CO2) emissions excluding LULUCF per capita (t CO2e/capita),EN.GHG.CO2.PC.CE.AR5,1993,11.9127947701972
Thailand,THA,Carbon dioxide (CO2) emissions excluding LULUCF per capita (t CO2e/capita),EN.GHG.CO2.PC.CE.AR5,1993,2.25442714645041
World,WLD,Carbon dioxide (CO2) emissions excluding LULUCF per capita (t CO2e/capita),EN.GHG.CO2.PC.CE.AR5,1993,3.96762600728632
Brunei Darussalam,BRN,Carbon dioxide (CO2) emissions excluding LULUCF per capita (t CO2e/capita),EN.GHG.CO2.PC.CE.AR5,1994,19.3381698117857
Indonesia,IDN,Carbon dioxide (CO2) emissions excluding LULUCF per capita (t CO2e/capita),EN.GHG.CO2.PC.CE.AR5,1994,1.08216654865227
Cambodia,KHM,Carbon dioxide (CO2) emissions excluding LULUCF per capita (t CO2e/capita),EN.GHG.CO2.PC.CE.AR5,1994,0.0590096807481025
Lao PDR,LAO,Carbon dioxide (CO2) emissions excluding LULUCF per capita (t CO2e/capita),EN.GHG.CO2.PC.CE.AR5,1994,0.0839637196884318
Myanmar,MMR,Carbon dioxide (CO2) emissions excluding LULUCF per capita (t CO2e/capita),EN.GHG.CO2.PC.CE.AR5,1994,0.145045280193198
Malaysia,MYS,Carbon dioxide (CO2) emissions excluding LULUCF per capita (t CO2e/capita),EN.GHG.CO2.PC.CE.AR5,1994,4.41788746832438
Philippines,PHL,Carbon dioxide (CO2) emissions excluding LULUCF per capita (t CO2e/capita),EN.GHG.CO2.PC.CE.AR5,1994,0.785660055534329
Singapore,SGP,Carbon dioxide (CO2) emissions excluding LULUCF per capita (t CO2e/capita),EN.GHG.CO2.PC.CE.AR5,1994,12.1812270550165
Thailand,THA,Carbon dioxide (CO2) emissions excluding LULUCF per capita (t CO2e/capita),EN.GHG.CO2.PC.CE.AR5,1994,2.47837424422237
World,WLD,Carbon dioxide (CO2) emissions excluding LULUCF per capita (t CO2e/capita),EN.GHG.CO2.PC.CE.AR5,1994,3.94240398543893
Brunei Darussalam,BRN,Carbon dioxide (CO2) emissions excluding LULUCF per capita (t CO2e/capita),EN.GHG.CO2.PC.CE.AR5,1995,19.964628513539
Indonesia,IDN,Carbon dioxide (CO2) emissions excluding LULUCF per capita (t CO2e/capita),EN.GHG.CO2.PC.CE.AR5,1995,1.19618452241997
Cambodia,KHM,Carbon dioxide (CO2) emissions excluding LULUCF per capita (t CO2e/capita),EN.GHG.CO2.PC.CE.AR5,1995,0.149812891095341
Lao PDR,LAO,Carbon dioxide (CO2) emissions excluding LULUCF per capita (t CO2e/capita),EN.GHG.CO2.PC.CE.AR5,1995,0.0804356059722372
Myanmar,MMR,Carbon dioxide (CO2) emissions excluding LULUCF per capita (t CO2e/capita),EN.GHG.CO2.PC.CE.AR5,1995,0.173682462042667
Malaysia,MYS,Carbon dioxide (CO2) emissions excluding LULUCF per capita (t CO2e/capita),EN.GHG.CO2.PC.CE.AR5,1995,4.47298675262839
Philippines,PHL,Carbon dioxide (CO2) emissions excluding LULUCF per capita (t CO2e/capita),EN.GHG.CO2.PC.CE.AR5,1995,0.926987667068776
Singapore,SGP,Carbon dioxide (CO2) emissions excluding LULUCF per capita (t CO2e/capita),EN.GHG.CO2.PC.CE.AR5,1995,11.7303531331767
Thailand,THA,Carbon dioxide (CO2) emissions excluding LULUCF per capita (t CO2e/capita),EN.GHG.CO2.PC.CE.AR5,1995,2.76694402634583
World,WLD,Carbon dioxide (CO2) emissions excluding LULUCF per capita (t CO2e/capita),EN.GHG.CO2.PC.CE.AR5,1995,3.98975253513064
Brunei Darussalam,BRN,Carbon dioxide (CO2) emissions excluding LULUCF per capita (t CO2e/capita),EN.GHG.CO2.PC.CE.AR5,1996,20.4756668320616
Indonesia,IDN,Carbon dioxide (CO2) emissions excluding LULUCF per capita (t CO2e/capita),EN.GHG.CO2.PC.CE.AR5,1996,1.24022592272484
Cambodia,KHM,Carbon dioxide (CO2) emissions excluding LULUCF per capita (t CO2e/capita),EN.GHG.CO2.PC.CE.AR5,1996,0.154259637987014
Lao PDR,LAO,Carbon dioxide (CO2) emissions excluding LULUCF per capita (t CO2e/capita),EN.GHG.CO2.PC.CE.AR5,1996,0.0921977185226644
Myanmar,MMR,Carbon dioxide (CO2) emissions excluding LULUCF per capita (t CO2e/capita),EN.GHG.CO2.PC.CE.AR5,1996,0.180313410818619
Malaysia,MYS,Carbon dioxide (CO2) emissions excluding LULUCF per capita (t CO2e/capita),EN.GHG.CO2.PC.CE.AR5,1996,4.96066035599755
Philippines,PHL,Carbon dioxide (CO2) emissions excluding LULUCF per capita (t CO2e/capita),EN.GHG.CO2.PC.CE.AR5,1996,0.949963569868626
Singapore,SGP,Carbon dioxide (CO2) emissions excluding LULUCF per capita (t CO2e/capita),EN.GHG.CO2.PC.CE.AR5,1996,11.5838542143414
Thailand,THA,Carbon dioxide (CO2) emissions excluding LULUCF per capita (t CO2e/capita),EN.GHG.CO2.PC.CE.AR5,1996,3.06853143548044
World,WLD,Carbon dioxide (CO2) emissions excluding LULUCF per capita (t CO2e/capita),EN.GHG.CO2.PC.CE.AR5,1996,4.00480149860491
Brunei Darussalam,BRN,Carbon dioxide (CO2) emissions excluding LULUCF per capita (t CO2e/capita),EN.GHG.CO2.PC.CE.AR5,1997,21.2909501180647
Indonesia,IDN,Carbon dioxide (CO2) emissions excluding LULUCF per capita (t CO2e/capita),EN.GHG.CO2.PC.CE.AR5,1997,1.3340878745674
Cambodia,KHM,Carbon dioxide (CO2) emissions excluding LULUCF per capita (t CO2e/capita),EN.GHG.CO2.PC.CE.AR5,1997,0.153746674223502
Lao PDR,LAO,Carbon dioxide (CO2) emissions excluding LULUCF per capita (t CO2e/capita),EN.GHG.CO2.PC.CE.AR5,1997,0.0998056875266765
Myanmar,MMR,Carbon dioxide (CO2) emissions excluding LULUCF per capita (t CO2e/capita),EN.GHG.CO2.PC.CE.AR5,1997,0.177229765046387
Malaysia,MYS,Carbon dioxide (CO2) emissions excluding LULUCF per capita (t CO2e/capita),EN.GHG.CO2.PC.CE.AR5,1997,5.29855648723676
Philippines,PHL,Carbon dioxide (CO2) emissions excluding LULUCF per capita (t CO2e/capita),EN.GHG.CO2.PC.CE.AR5,1997,1.03972178688846
Singapore,SGP,Carbon dioxide (CO2) emissions excluding LULUCF per capita (t CO2e/capita),EN.GHG.CO2.PC.CE.AR5,1997,11.1153260320366
Thailand,THA,Carbon dioxide (CO2) emissions excluding LULUCF per capita (t CO2e/capita),EN.GHG.CO2.PC.CE.AR5,1997,3.08587046063584
World,WLD,Carbon dioxide (CO2) emissions excluding LULUCF per capita (t CO2e/capita),EN.GHG.CO2.PC.CE.AR5,1997,4.01559347150499
Brunei Darussalam,BRN,Carbon dioxide (CO2) emissions excluding LULUCF per capita (t CO2e/capita),EN.GHG.CO2.PC.CE.AR5,1998,18.3843654464843
Indonesia,IDN,Carbon dioxide (CO2) emissions excluding LULUCF per capita (t CO2e/capita),EN.GHG.CO2.PC.CE.AR5,1998,1.32613429701836
Cambodia,KHM,Carbon dioxide (CO2) emissions excluding LULUCF per capita (t CO2e/capita),EN.GHG.CO2.PC.CE.AR5,1998,0.165340139007792
Lao PDR,LAO,Carbon dioxide (CO2) emissions excluding LULUCF per capita (t CO2e/capita),EN.GHG.CO2.PC.CE.AR5,1998,0.105044218414234
Myanmar,MMR,Carbon dioxide (CO2) emissions excluding LULUCF per capita (t CO2e/capita),EN.GHG.CO2.PC.CE.AR5,1998,0.190364214501161
Malaysia,MYS,Carbon dioxide (CO2) emissions excluding LULUCF per capita (t CO2e/capita),EN.GHG.CO2.PC.CE.AR5,1998,5.05175285767427
Philippines,PHL,Carbon dioxide (CO2) emissions excluding LULUCF per capita (t CO2e/capita),EN.GHG.CO2.PC.CE.AR5,1998,0.99708904843402
Singapore,SGP,Carbon dioxide (CO2) emissions excluding LULUCF per capita (t CO2e/capita),EN.GHG.CO2.PC.CE.AR5,1998,10.4576451544645
Thailand,THA,Carbon dioxide (CO2) emissions excluding LULUCF per capita (t CO2e/capita),EN.GHG.CO2.PC.CE.AR5,1998,2.71456860670618
World,WLD,Carbon dioxide (CO2) emissions excluding LULUCF per capita (t CO2e/capita),EN.GHG.CO2.PC.CE.AR5,1998,3.97872600996868
Brunei Darussalam,BRN,Carbon dioxide (CO2) emissions excluding LULUCF per capita (t CO2e/capita),EN.GHG.CO2.PC.CE.AR5,1999,18.8102476120109
Indonesia,IDN,Carbon dioxide (CO2) emissions excluding LULUCF per capita (t CO2e/capita),EN.GHG.CO2.PC.CE.AR5,1999,1.38622877504262
Cambodia,KHM,Carbon dioxide (CO2) emissions excluding LULUCF per capita (t CO2e/capita),EN.GHG.CO2.PC.CE.AR5,1999,0.158335446945641
Lao PDR,LAO,Carbon dioxide (CO2) emissions excluding LULUCF per capita (t CO2e/capita),EN.GHG.CO2.PC.CE.AR5,1999,0.100116387406793
Myanmar,MMR,Carbon dioxide (CO2) emissions excluding LULUCF per capita (t CO2e/capita),EN.GHG.CO2.PC.CE.AR5,1999,0.206402540124611
Malaysia,MYS,Carbon dioxide (CO2) emissions excluding LULUCF per capita (t CO2e/capita),EN.GHG.CO2.PC.CE.AR5,1999,5.33504644931292
Philippines,PHL,Carbon dioxide (CO2) emissions excluding LULUCF per capita (t CO2e/capita),EN.GHG.CO2.PC.CE.AR5,1999,0.951436671006592
Singapore,SGP,Carbon dioxide (CO2) emissions excluding LULUCF per capita (t CO2e/capita),EN.GHG.CO2.PC.CE.AR5,1999,10.4599892440062
Thailand,THA,Carbon dioxide (CO2) emissions excluding LULUCF per capita (t CO2e/capita),EN.GHG.CO2.PC.CE.AR5,1999,2.80137850592665
World,WLD,Carbon dioxide (CO2) emissions excluding LULUCF per capita (t CO2e/capita),EN.GHG.CO2.PC.CE.AR5,1999,3.94793535535332
Brunei Darussalam,BRN,Carbon dioxide (CO2) emissions excluding LULUCF per capita (t CO2e/capita),EN.GHG.CO2.PC.CE.AR5,2000,18.6095385143249
Indonesia,IDN,Carbon dioxide (CO2) emissions excluding LULUCF per capita (t CO2e/capita),EN.GHG.CO2.PC.CE.AR5,2000,1.38418807411905
Cambodia,KHM,Carbon dioxide (CO2) emissions excluding LULUCF per capita (t CO2e/capita),EN.GHG.CO2.PC.CE.AR5,2000,0.160555773813192
Lao PDR,LAO,Carbon dioxide (CO2) emissions excluding LULUCF per capita (t CO2e/capita),EN.GHG.CO2.PC.CE.AR5,2000,0.172061042728584
Myanmar,MMR,Carbon dioxide (CO2) emissions excluding LULUCF per capita (t CO2e/capita),EN.GHG.CO2.PC.CE.AR5,2000,0.221709285548484
Malaysia,MYS,Carbon dioxide (CO2) emissions excluding LULUCF per capita (t CO2e/capita),EN.GHG.CO2.PC.CE.AR5,2000,5.69403725630682
Philippines,PHL,Carbon dioxide (CO2) emissions excluding LULUCF per capita (t CO2e/capita),EN.GHG.CO2.PC.CE.AR5,2000,0.932441190842665
Singapore,SGP,Carbon dioxide (CO2) emissions excluding LULUCF per capita (t CO2e/capita),EN.GHG.CO2.PC.CE.AR5,2000,11.3010369953278
Thailand,THA,Carbon dioxide (CO2) emissions excluding LULUCF per capita (t CO2e/capita),EN.GHG.CO2.PC.CE.AR5,2000,2.77458280373633
World,WLD,Carbon dioxide (CO2) emissions excluding LULUCF per capita (t CO2e/capita),EN.GHG.CO2.PC.CE.AR5,2000,4.01431105268727
Brunei Darussalam,BRN,Carbon dioxide (CO2) emissions excluding LULUCF per capita (t CO2e/capita),EN.GHG.CO2.PC.CE.AR5,2001,17.5841845535406
Indonesia,IDN,Carbon dioxide (CO2) emissions excluding LULUCF per capita (t CO2e/capita),EN.GHG.CO2.PC.CE.AR5,2001,1.45863468834129
Cambodia,KHM,Carbon dioxide (CO2) emissions excluding LULUCF per capita (t CO2e/capita),EN.GHG.CO2.PC.CE.AR5,2001,0.172785303516598
Lao PDR,LAO,Carbon dioxide (CO2) emissions excluding LULUCF per capita (t CO2e/capita),EN.GHG.CO2.PC.CE.AR5,2001,0.186381120141295
Myanmar,MMR,Carbon dioxide (CO2) emissions excluding LULUCF per capita (t CO2e/capita),EN.GHG.CO2.PC.CE.AR5,2001,0.191692848194143
Malaysia,MYS,Carbon dioxide (CO2) emissions excluding LULUCF per capita (t CO2e/capita),EN.GHG.CO2.PC.CE.AR5,2001,5.88304152527669
Philippines,PHL,Carbon dioxide (CO2) emissions excluding LULUCF per capita (t CO2e/capita),EN.GHG.CO2.PC.CE.AR5,2001,0.880483904667689
Singapore,SGP,Carbon dioxide (CO2) emissions excluding LULUCF per capita (t CO2e/capita),EN.GHG.CO2.PC.CE.AR5,2001,11.0938779297885
Thailand,THA,Carbon dioxide (CO2) emissions excluding LULUCF per capita (t CO2e/capita),EN.GHG.CO2.PC.CE.AR5,2001,2.8827731462033
World,WLD,Carbon dioxide (CO2) emissions excluding LULUCF per capita (t CO2e/capita),EN.GHG.CO2.PC.CE.AR5,2001,4.01370329181194
Brunei Darussalam,BRN,Carbon dioxide (CO2) emissions excluding LULUCF per capita (t CO2e/capita),EN.GHG.CO2.PC.CE.AR5,2002,16.3420062981661
Indonesia,IDN,Carbon dioxide (CO2) emissions excluding LULUCF per capita (t CO2e/capita),EN.GHG.CO2.PC.CE.AR5,2002,1.46322212683732
Cambodia,KHM,Carbon dioxide (CO2) emissions excluding LULUCF per capita (t CO2e/capita),EN.GHG.CO2.PC.CE.AR5,2002,0.174831417007274
Lao PDR,LAO,Carbon dioxide (CO2) emissions excluding LULUCF per capita (t CO2e/capita),EN.GHG.CO2.PC.CE.AR5,2002,0.20574279762084
Myanmar,MMR,Carbon dioxide (CO2) emissions excluding LULUCF per capita (t CO2e/capita),EN.GHG.CO2.PC.CE.AR5,2002,0.191284718183921
Malaysia,MYS,Carbon dioxide (CO2) emissions excluding LULUCF per capita (t CO2e/capita),EN.GHG.CO2.PC.CE.AR5,2002,6.08051197393529
Philippines,PHL,Carbon dioxide (CO2) emissions excluding LULUCF per capita (t CO2e/capita),EN.GHG.CO2.PC.CE.AR5,2002,0.877841281830554
Singapore,SGP,Carbon dioxide (CO2) emissions excluding LULUCF per capita (t CO2e/capita),EN.GHG.CO2.PC.CE.AR5,2002,10.8280032088507
Thailand,THA,Carbon dioxide (CO2) emissions excluding LULUCF per capita (t CO2e/capita),EN.GHG.CO2.PC.CE.AR5,2002,3.0346555543448
World,WLD,Carbon dioxide (CO2) emissions excluding LULUCF per capita (t CO2e/capita),EN.GHG.CO2.PC.CE.AR5,2002,4.01751514643519
Brunei Darussalam,BRN,Carbon dioxide (CO2) emissions excluding LULUCF per capita (t CO2e/capita),EN.GHG.CO2.PC.CE.AR5,2003,18.6148622334027
Indonesia,IDN,Carbon dioxide (CO2) emissions excluding LULUCF per capita (t CO2e/capita),EN.GHG.CO2.PC.CE.AR5,2003,1.57139226933304
Cambodia,KHM,Carbon dioxide (CO2) emissions excluding LULUCF per capita (t CO2e/capita),EN.GHG.CO2.PC.CE.AR5,2003,0.185242964353296
Lao PDR,LAO,Carbon dioxide (CO2) emissions excluding LULUCF per capita (t CO2e/capita),EN.GHG.CO2.PC.CE.AR5,2003,0.210602243440398
Myanmar,MMR,Carbon dioxide (CO2) emissions excluding LULUCF per capita (t CO2e/capita),EN.GHG.CO2.PC.CE.AR5,2003,0.234800928240979
Malaysia,MYS,Carbon dioxide (CO2) emissions excluding LULUCF per capita (t CO2e/capita),EN.GHG.CO2.PC.CE.AR5,2003,6.344348664942
Philippines,PHL,Carbon dioxide (CO2) emissions excluding LULUCF per capita (t CO2e/capita),EN.GHG.CO2.PC.CE.AR5,2003,0.882266977931022
Singapore,SGP,Carbon dioxide (CO2) emissions excluding LULUCF per capita (t CO2e/capita),EN.GHG.CO2.PC.CE.AR5,2003,10.314555220561
Thailand,THA,Carbon dioxide (CO2) emissions excluding LULUCF per capita (t CO2e/capita),EN.GHG.CO2.PC.CE.AR5,2003,3.12748475114897
World,WLD,Carbon dioxide (CO2) emissions excluding LULUCF per capita (t CO2e/capita),EN.GHG.CO2.PC.CE.AR5,2003,4.15489517681896
Brunei Darussalam,BRN,Carbon dioxide (CO2) emissions excluding LULUCF per capita (t CO2e/capita),EN.GHG.CO2.PC.CE.AR5,2004,17.7631187466528
Indonesia,IDN,Carbon dioxide (CO2) emissions excluding LULUCF per capita (t CO2e/capita),EN.GHG.CO2.PC.CE.AR5,2004,1.58017941991504
Cambodia,KHM,Carbon dioxide (CO2) emissions excluding LULUCF per capita (t CO2e/capita),EN.GHG.CO2.PC.CE.AR5,2004,0.182646216068865
Lao PDR,LAO,Carbon dioxide (CO2) emissions excluding LULUCF per capita (t CO2e/capita),EN.GHG.CO2.PC.CE.AR5,2004,0.217585848686857
Myanmar,MMR,Carbon dioxide (CO2) emissions excluding LULUCF per capita (t CO2e/capita),EN.GHG.CO2.PC.CE.AR5,2004,0.22583975634631
Malaysia,MYS,Carbon dioxide (CO2) emissions excluding LULUCF per capita (t CO2e/capita),EN.GHG.CO2.PC.CE.AR5,2004,6.7160126400951
Philippines,PHL,Carbon dioxide (CO2) emissions excluding LULUCF per capita (t CO2e/capita),EN.GHG.CO2.PC.CE.AR5,2004,0.875840435405474
Singapore,SGP,Carbon dioxide (CO2) emissions excluding LULUCF per capita (t CO2e/capita),EN.GHG.CO2.PC.CE.AR5,2004,10.6855268387372
Thailand,THA,Carbon dioxide (CO2) emissions excluding LULUCF per capita (t CO2e/capita),EN.GHG.CO2.PC.CE.AR5,2004,3.37760100917852
World,WLD,Carbon dioxide (CO2) emissions excluding LULUCF per capita (t CO2e/capita),EN.GHG.CO2.PC.CE.AR5,2004,4.28638947772331
Brunei Darussalam,BRN,Carbon dioxide (CO2) emissions excluding LULUCF per capita (t CO2e/capita),EN.GHG.CO2.PC.CE.AR5,2005,16.7418003098218
Indonesia,IDN,Carbon dioxide (CO2) emissions excluding LULUCF per capita (t CO2e/capita),EN.GHG.CO2.PC.CE.AR5,2005,1.57060210727476
Cambodia,KHM,Carbon dioxide (CO2) emissions excluding LULUCF per capita (t CO2e/capita),EN.GHG.CO2.PC.CE.AR5,2005,0.200964313208478
Lao PDR,LAO,Carbon dioxide (CO2) emissions excluding LULUCF per capita (t CO2e/capita),EN.GHG.CO2.PC.CE.AR5,2005,0.221926040668041
Myanmar,MMR,Carbon dioxide (CO2) emissions excluding LULUCF per capita (t CO2e/capita),EN.GHG.CO2.PC.CE.AR5,2005,0.236951674030081
Malaysia,MYS,Carbon dioxide (CO2) emissions excluding LULUCF per capita (t CO2e/capita),EN.GHG.CO2.PC.CE.AR5,2005,7.01158082434438
Philippines,PHL,Carbon dioxide (CO2) emissions excluding LULUCF per capita (t CO2e/capita),EN.GHG.CO2.PC.CE.AR5,2005,0.896020428658156
Singapore,SGP,Carbon dioxide (CO2) emissions excluding LULUCF per capita (t CO2e/capita),EN.GHG.CO2.PC.CE.AR5,2005,9.78289459186893
Thailand,THA,Carbon dioxide (CO2) emissions excluding LULUCF per capita (t CO2e/capita),EN.GHG.CO2.PC.CE.AR5,2005,3.47145647315512
World,WLD,Carbon dioxide (CO2) emissions excluding LULUCF per capita (t CO2e/capita),EN.GHG.CO2.PC.CE.AR5,2005,4.39248261566189
Brunei Darussalam,BRN,Carbon dioxide (CO2) emissions excluding LULUCF per capita (t CO2e/capita),EN.GHG.CO2.PC.CE.AR5,2006,23.6253746609884
Indonesia,IDN,Carbon dioxide (CO2) emissions excluding LULUCF per capita (t CO2e/capita),EN.GHG.CO2.PC.CE.AR5,2006,1.63894504151653
Cambodia,KHM,Carbon dioxide (CO2) emissions excluding LULUCF per capita (t CO2e/capita),EN.GHG.CO2.PC.CE.AR5,2006,0.220492252087172
Lao PDR,LAO,Carbon dioxide (CO2) emissions excluding LULUCF per capita (t CO2e/capita),EN.GHG.CO2.PC.CE.AR5,2006,0.28652401395224
Myanmar,MMR,Carbon dioxide (CO2) emissions excluding LULUCF per capita (t CO2e/capita),EN.GHG.CO2.PC.CE.AR5,2006,0.218722830855244
Malaysia,MYS,Carbon dioxide (CO2) emissions excluding LULUCF per capita (t CO2e/capita),EN.GHG.CO2.PC.CE.AR5,2006,7.10770863810607
Philippines,PHL,Carbon dioxide (CO2) emissions excluding LULUCF per capita (t CO2e/capita),EN.GHG.CO2.PC.CE.AR5,2006,0.792682424086449
Singapore,SGP,Carbon dioxide (CO2) emissions excluding LULUCF per capita (t CO2e/capita),EN.GHG.CO2.PC.CE.AR5,2006,9.5355418148688
Thailand,THA,Carbon dioxide (CO2) emissions excluding LULUCF per capita (t CO2e/capita),EN.GHG.CO2.PC.CE.AR5,2006,3.49724934862165
World,WLD,Carbon dioxide (CO2) emissions excluding LULUCF per capita (t CO2e/capita),EN.GHG.CO2.PC.CE.AR5,2006,4.48182385476563
Brunei Darussalam,BRN,Carbon dioxide (CO2) emissions excluding LULUCF per capita (t CO2e/capita),EN.GHG.CO2.PC.CE.AR5,2007,22.0673923418529
Indonesia,IDN,Carbon dioxide (CO2) emissions excluding LULUCF per capita (t CO2e/capita),EN.GHG.CO2.PC.CE.AR5,2007,1.69525705806233
Cambodia,KHM,Carbon dioxide (CO2) emissions excluding LULUCF per capita (t CO2e/capita),EN.GHG.CO2.PC.CE.AR5,2007,0.267053996707069
Lao PDR,LAO,Carbon dioxide (CO2) emissions excluding LULUCF per capita (t CO2e/capita),EN.GHG.CO2.PC.CE.AR5,2007,0.298205023714399
Myanmar,MMR,Carbon dioxide (CO2) emissions excluding LULUCF per capita (t CO2e/capita),EN.GHG.CO2.PC.CE.AR5,2007,0.226840316797223
Malaysia,MYS,Carbon dioxide (CO2) emissions excluding LULUCF per capita (t CO2e/capita),EN.GHG.CO2.PC.CE.AR5,2007,7.59083810519213
Philippines,PHL,Carbon dioxide (CO2) emissions excluding LULUCF per capita (t CO2e/capita),EN.GHG.CO2.PC.CE.AR5,2007,0.844793242470968
Singapore,SGP,Carbon dioxide (CO2) emissions excluding LULUCF per capita (t CO2e/capita),EN.GHG.CO2.PC.CE.AR5,2007,9.44913687162465
Thailand,THA,Carbon dioxide (CO2) emissions excluding LULUCF per capita (t CO2e/capita),EN.GHG.CO2.PC.CE.AR5,2007,3.54368131783793
World,WLD,Carbon dioxide (CO2) emissions excluding LULUCF per capita (t CO2e/capita),EN.GHG.CO2.PC.CE.AR5,2007,4.59171360897313
Brunei Darussalam,BRN,Carbon dioxide (CO2) emissions excluding LULUCF per capita (t CO2e/capita),EN.GHG.CO2.PC.CE.AR5,2008,23.5779911221224
Indonesia,IDN,Carbon dioxide (CO2) emissions excluding LULUCF per capita (t CO2e/capita),EN.GHG.CO2.PC.CE.AR5,2008,1.65423079997496
Cambodia,KHM,Carbon dioxide (CO2) emissions excluding LULUCF per capita (t CO2e/capita),EN.GHG.CO2.PC.CE.AR5,2008,0.291507889256461
Lao PDR,LAO,Carbon dioxide (CO2) emissions excluding LULUCF per capita (t CO2e/capita),EN.GHG.CO2.PC.CE.AR5,2008,0.343065642386553
Myanmar,MMR,Carbon dioxide (CO2) emissions excluding LULUCF per capita (t CO2e/capita),EN.GHG.CO2.PC.CE.AR5,2008,0.172648544941183
Malaysia,MYS,Carbon dioxide (CO2) emissions excluding LULUCF per capita (t CO2e/capita),EN.GHG.CO2.PC.CE.AR5,2008,7.84104959659317
Philippines,PHL,Carbon dioxide (CO2) emissions excluding LULUCF per capita (t CO2e/capita),EN.GHG.CO2.PC.CE.AR5,2008,0.838628467732074
Singapore,SGP,Carbon dioxide (CO2) emissions excluding LULUCF per capita (t CO2e/capita),EN.GHG.CO2.PC.CE.AR5,2008,8.86887537205056
Thailand,THA,Carbon dioxide (CO2) emissions excluding LULUCF per capita (t CO2e/capita),EN.GHG.CO2.PC.CE.AR5,2008,3.53294884059898
World,WLD,Carbon dioxide (CO2) emissions excluding LULUCF per capita (t CO2e/capita),EN.GHG.CO2.PC.CE.AR5,2008,4.56376544213623
Brunei Darussalam,BRN,Carbon dioxide (CO2) emissions excluding LULUCF per capita (t CO2e/capita),EN.GHG.CO2.PC.CE.AR5,2009,20.8358444689208
Indonesia,IDN,Carbon dioxide (CO2) emissions excluding LULUCF per capita (t CO2e/capita),EN.GHG.CO2.PC.CE.AR5,2009,1.69136729151269
Cambodia,KHM,Carbon dioxide (CO2) emissions excluding LULUCF per capita (t CO2e/capita),EN.GHG.CO2.PC.CE.AR5,2009,0.341364772662801
Lao PDR,LAO,Carbon dioxide (CO2) emissions excluding LULUCF per capita (t CO2e/capita),EN.GHG.CO2.PC.CE.AR5,2009,0.423077773444872
Myanmar,MMR,Carbon dioxide (CO2) emissions excluding LULUCF per capita (t CO2e/capita),EN.GHG.CO2.PC.CE.AR5,2009,0.159971775029907
Malaysia,MYS,Carbon dioxide (CO2) emissions excluding LULUCF per capita (t CO2e/capita),EN.GHG.CO2.PC.CE.AR5,2009,7.03938356420093
Philippines,PHL,Carbon dioxide (CO2) emissions excluding LULUCF per capita (t CO2e/capita),EN.GHG.CO2.PC.CE.AR5,2009,0.833016101733075
Singapore,SGP,Carbon dioxide (CO2) emissions excluding LULUCF per capita (t CO2e/capita),EN.GHG.CO2.PC.CE.AR5,2009,8.77428761443692
Thailand,THA,Carbon dioxide (CO2) emissions excluding LULUCF per capita (t CO2e/capita),EN.GHG.CO2.PC.CE.AR5,2009,3.40486234217073
World,WLD,Carbon dioxide (CO2) emissions excluding LULUCF per capita (t CO2e/capita),EN.GHG.CO2.PC.CE.AR5,2009,4.45764153516031
Brunei Darussalam,BRN,Carbon dioxide (CO2) emissions excluding LULUCF per capita (t CO2e/capita),EN.GHG.CO2.PC.CE.AR5,2010,18.8088149832285
Indonesia,IDN,Carbon dioxide (CO2) emissions excluding LULUCF per capita (t CO2e/capita),EN.GHG.CO2.PC.CE.AR5,2010,1.80144503739144
Cambodia,KHM,Carbon dioxide (CO2) emissions excluding LULUCF per capita (t CO2e/capita),EN.GHG.CO2.PC.CE.AR5,2010,0.355699431876721
Lao PDR,LAO,Carbon dioxide (CO2) emissions excluding LULUCF per capita (t CO2e/capita),EN.GHG.CO2.PC.CE.AR5,2010,0.467525939369713
Myanmar,MMR,Carbon dioxide (CO2) emissions excluding LULUCF per capita (t CO2e/capita),EN.GHG.CO2.PC.CE.AR5,2010,0.176010377856472
Malaysia,MYS,Carbon dioxide (CO2) emissions excluding LULUCF per capita (t CO2e/capita),EN.GHG.CO2.PC.CE.AR5,2010,7.52290218907351
Philippines,PHL,Carbon dioxide (CO2) emissions excluding LULUCF per capita (t CO2e/capita),EN.GHG.CO2.PC.CE.AR5,2010,0.881750415532953
Singapore,SGP,Carbon dioxide (CO2) emissions excluding LULUCF per capita (t CO2e/capita),EN.GHG.CO2.PC.CE.AR5,2010,9.63034881494631
Thailand,THA,Carbon dioxide (CO2) emissions excluding LULUCF per capita (t CO2e/capita),EN.GHG.CO2.PC.CE.AR5,2010,3.59121735116937
World,WLD,Carbon dioxide (CO2) emissions excluding LULUCF per capita (t CO2e/capita),EN.GHG.CO2.PC.CE.AR5,2010,4.67626876251348
Brunei Darussalam,BRN,Carbon dioxide (CO2) emissions excluding LULUCF per capita (t CO2e/capita),EN.GHG.CO2.PC.CE.AR5,2011,19.6828155006773
Indonesia,IDN,Carbon dioxide (CO2) emissions excluding LULUCF per capita (t CO2e/capita),EN.GHG.CO2.PC.CE.AR5,2011,2.00412047888782
Cambodia,KHM,Carbon dioxide (CO2) emissions excluding LULUCF per capita (t CO2e/capita),EN.GHG.CO2.PC.CE.AR5,2011,0.364290670713782
Lao PDR,LAO,Carbon dioxide (CO2) emissions excluding LULUCF per capita (t CO2e/capita),EN.GHG.CO2.PC.CE.AR5,2011,0.486447711772495
Myanmar,MMR,Carbon dioxide (CO2) emissions excluding LULUCF per capita (t CO2e/capita),EN.GHG.CO2.PC.CE.AR5,2011,0.185609741192906
Malaysia,MYS,Carbon dioxide (CO2) emissions excluding LULUCF per capita (t CO2e/capita),EN.GHG.CO2.PC.CE.AR5,2011,7.48674329665357
Philippines,PHL,Carbon dioxide (CO2) emissions excluding LULUCF per capita (t CO2e/capita),EN.GHG.CO2.PC.CE.AR5,2011,0.86071646771526
Singapore,SGP,Carbon dioxide (CO2) emissions excluding LULUCF per capita (t CO2e/capita),EN.GHG.CO2.PC.CE.AR5,2011,9.90489782564074
Thailand,THA,Carbon dioxide (CO2) emissions excluding LULUCF per capita (t CO2e/capita),EN.GHG.CO2.PC.CE.AR5,2011,3.57426864741434
World,WLD,Carbon dioxide (CO2) emissions excluding LULUCF per capita (t CO2e/capita),EN.GHG.CO2.PC.CE.AR5,2011,4.76575658042257
Brunei Darussalam,BRN,Carbon dioxide (CO2) emissions excluding LULUCF per capita (t CO2e/capita),EN.GHG.CO2.PC.CE.AR5,2012,18.7946453889342
Indonesia,IDN,Carbon dioxide (CO2) emissions excluding LULUCF per capita (t CO2e/capita),EN.GHG.CO2.PC.CE.AR5,2012,1.99554706542114
Cambodia,KHM,Carbon dioxide (CO2) emissions excluding LULUCF per capita (t CO2e/capita),EN.GHG.CO2.PC.CE.AR5,2012,0.376732551203289
Lao PDR,LAO,Carbon dioxide (CO2) emissions excluding LULUCF per capita (t CO2e/capita),EN.GHG.CO2.PC.CE.AR5,2012,0.511690636170271
Myanmar,MMR,Carbon dioxide (CO2) emissions excluding LULUCF per capita (t CO2e/capita),EN.GHG.CO2.PC.CE.AR5,2012,0.25196515888876
Malaysia,MYS,Carbon dioxide (CO2) emissions excluding LULUCF per capita (t CO2e/capita),EN.GHG.CO2.PC.CE.AR5,2012,7.41258985024052
Philippines,PHL,Carbon dioxide (CO2) emissions excluding LULUCF per capita (t CO2e/capita),EN.GHG.CO2.PC.CE.AR5,2012,0.893216298210684
Singapore,SGP,Carbon dioxide (CO2) emissions excluding LULUCF per capita (t CO2e/capita),EN.GHG.CO2.PC.CE.AR5,2012,9.44225785642258
Thailand,THA,Carbon dioxide (CO2) emissions excluding LULUCF per capita (t CO2e/capita),EN.GHG.CO2.PC.CE.AR5,2012,3.81252846322096
World,WLD,Carbon dioxide (CO2) emissions excluding LULUCF per capita (t CO2e/capita),EN.GHG.CO2.PC.CE.AR5,2012,4.77830675432608
Brunei Darussalam,BRN,Carbon dioxide (CO2) emissions excluding LULUCF per capita (t CO2e/capita),EN.GHG.CO2.PC.CE.AR5,2013,18.9420284920793
Indonesia,IDN,Carbon dioxide (CO2) emissions excluding LULUCF per capita (t CO2e/capita),EN.GHG.CO2.PC.CE.AR5,2013,1.85645776868745
Cambodia,KHM,Carbon dioxide (CO2) emissions excluding LULUCF per capita (t CO2e/capita),EN.GHG.CO2.PC.CE.AR5,2013,0.375176134697692
Lao PDR,LAO,Carbon dioxide (CO2) emissions excluding LULUCF per capita (t CO2e/capita),EN.GHG.CO2.PC.CE.AR5,2013,0.596576965340848
Myanmar,MMR,Carbon dioxide (CO2) emissions excluding LULUCF per capita (t CO2e/capita),EN.GHG.CO2.PC.CE.AR5,2013,0.282921766692084
Malaysia,MYS,Carbon dioxide (CO2) emissions excluding LULUCF per capita (t CO2e/capita),EN.GHG.CO2.PC.CE.AR5,2013,7.86251794368479
Philippines,PHL,Carbon dioxide (CO2) emissions excluding LULUCF per capita (t CO2e/capita),EN.GHG.CO2.PC.CE.AR5,2013,0.954798181627522
Singapore,SGP,Carbon dioxide (CO2) emissions excluding LULUCF per capita (t CO2e/capita),EN.GHG.CO2.PC.CE.AR5,2013,9.74877212426669
Thailand,THA,Carbon dioxide (CO2) emissions excluding LULUCF per capita (t CO2e/capita),EN.GHG.CO2.PC.CE.AR5,2013,3.95086476628845
World,WLD,Carbon dioxide (CO2) emissions excluding LULUCF per capita (t CO2e/capita),EN.GHG.CO2.PC.CE.AR5,2013,4.81500029122133
Brunei Darussalam,BRN,Carbon dioxide (CO2) emissions excluding LULUCF per capita (t CO2e/capita),EN.GHG.CO2.PC.CE.AR5,2014,19.451949610078
Indonesia,IDN,Carbon dioxide (CO2) emissions excluding LULUCF per capita (t CO2e/capita),EN.GHG.CO2.PC.CE.AR5,2014,1.95132793342072
Cambodia,KHM,Carbon dioxide (CO2) emissions excluding LULUCF per capita (t CO2e/capita),EN.GHG.CO2.PC.CE.AR5,2014,0.456504779053687
Lao PDR,LAO,Carbon dioxide (CO2) emissions excluding LULUCF per capita (t CO2e/capita),EN.GHG.CO2.PC.CE.AR5,2014,0.654511028510084
Myanmar,MMR,Carbon dioxide (CO2) emissions excluding LULUCF per capita (t CO2e/capita),EN.GHG.CO2.PC.CE.AR5,2014,0.350014366150862
Malaysia,MYS,Carbon dioxide (CO2) emissions excluding LULUCF per capita (t CO2e/capita),EN.GHG.CO2.PC.CE.AR5,2014,8.19206012795682
Philippines,PHL,Carbon dioxide (CO2) emissions excluding LULUCF per capita (t CO2e/capita),EN.GHG.CO2.PC.CE.AR5,2014,1.002138152997
Singapore,SGP,Carbon dioxide (CO2) emissions excluding LULUCF per capita (t CO2e/capita),EN.GHG.CO2.PC.CE.AR5,2014,9.84961946891653
Thailand,THA,Carbon dioxide (CO2) emissions excluding LULUCF per capita (t CO2e/capita),EN.GHG.CO2.PC.CE.AR5,2014,3.87839205637056
World,WLD,Carbon dioxide (CO2) emissions excluding LULUCF per capita (t CO2e/capita),EN.GHG.CO2.PC.CE.AR5,2014,4.7809346364807
Brunei Darussalam,BRN,Carbon dioxide (CO2) emissions excluding LULUCF per capita (t CO2e/capita),EN.GHG.CO2.PC.CE.AR5,2015,17.4440802251002
Indonesia,IDN,Carbon dioxide (CO2) emissions excluding LULUCF per capita (t CO2e/capita),EN.GHG.CO2.PC.CE.AR5,2015,1.95725313176892
Cambodia,KHM,Carbon dioxide (CO2) emissions excluding LULUCF per capita (t CO2e/capita),EN.GHG.CO2.PC.CE.AR5,2015,0.544957000306786
Lao PDR,LAO,Carbon dioxide (CO2) emissions excluding LULUCF per capita (t CO2e/capita),EN.GHG.CO2.PC.CE.AR5,2015,1.31253542341595
Myanmar,MMR,Carbon dioxide (CO2) emissions excluding LULUCF per capita (t CO2e/capita),EN.GHG.CO2.PC.CE.AR5,2015,0.386288210140348
Malaysia,MYS,Carbon dioxide (CO2) emissions excluding LULUCF per capita (t CO2e/capita),EN.GHG.CO2.PC.CE.AR5,2015,8.09817295267622
Philippines,PHL,Carbon dioxide (CO2) emissions excluding LULUCF per capita (t CO2e/capita),EN.GHG.CO2.PC.CE.AR5,2015,1.07452934202078
Singapore,SGP,Carbon dioxide (CO2) emissions excluding LULUCF per capita (t CO2e/capita),EN.GHG.CO2.PC.CE.AR5,2015,9.9706739040022
Thailand,THA,Carbon dioxide (CO2) emissions excluding LULUCF per capita (t CO2e/capita),EN.GHG.CO2.PC.CE.AR5,2015,3.96561450717985
World,WLD,Carbon dioxide (CO2) emissions excluding LULUCF per capita (t CO2e/capita),EN.GHG.CO2.PC.CE.AR5,2015,4.6985544656489
Brunei Darussalam,BRN,Carbon dioxide (CO2) emissions excluding LULUCF per capita (t CO2e/capita),EN.GHG.CO2.PC.CE.AR5,2016,18.4748949864816
Indonesia,IDN,Carbon dioxide (CO2) emissions excluding LULUCF per capita (t CO2e/capita),EN.GHG.CO2.PC.CE.AR5,2016,1.91619146584425
Cambodia,KHM,Carbon dioxide (CO2) emissions excluding LULUCF per capita (t CO2e/capita),EN.GHG.CO2.PC.CE.AR5,2016,0.668090053222764
Lao PDR,LAO,Carbon dioxide (CO2) emissions excluding LULUCF per capita (t CO2e/capita),EN.GHG.CO2.PC.CE.AR5,2016,2.29720000660028
Myanmar,MMR,Carbon dioxide (CO2) emissions excluding LULUCF per capita (t CO2e/capita),EN.GHG.CO2.PC.CE.AR5,2016,0.446004264123355
Malaysia,MYS,Carbon dioxide (CO2) emissions excluding LULUCF per capita (t CO2e/capita),EN.GHG.CO2.PC.CE.AR5,2016,7.78769276889658
Philippines,PHL,Carbon dioxide (CO2) emissions excluding LULUCF per capita (t CO2e/capita),EN.GHG.CO2.PC.CE.AR5,2016,1.13620258650246
Singapore,SGP,Carbon dioxide (CO2) emissions excluding LULUCF per capita (t CO2e/capita),EN.GHG.CO2.PC.CE.AR5,2016,9.44912179392408
Thailand,THA,Carbon dioxide (CO2) emissions excluding LULUCF per capita (t CO2e/capita),EN.GHG.CO2.PC.CE.AR5,2016,3.89512446125867
World,WLD,Carbon dioxide (CO2) emissions excluding LULUCF per capita (t CO2e/capita),EN.GHG.CO2.PC.CE.AR5,2016,4.65381087302809
Brunei Darussalam,BRN,Carbon dioxide (CO2) emissions excluding LULUCF per capita (t CO2e/capita),EN.GHG.CO2.PC.CE.AR5,2017,18.1883301137782
Indonesia,IDN,Carbon dioxide (CO2) emissions excluding LULUCF per capita (t CO2e/capita),EN.GHG.CO2.PC.CE.AR5,2017,2.00382979913667
Cambodia,KHM,Carbon dioxide (CO2) emissions excluding LULUCF per capita (t CO2e/capita),EN.GHG.CO2.PC.CE.AR5,2017,0.737163303381518
Lao PDR,LAO,Carbon dioxide (CO2) emissions excluding LULUCF per capita (t CO2e/capita),EN.GHG.CO2.PC.CE.AR5,2017,2.74204857777986
Myanmar,MMR,Carbon dioxide (CO2) emissions excluding LULUCF per capita (t CO2e/capita),EN.GHG.CO2.PC.CE.AR5,2017,0.65006147613087
Malaysia,MYS,Carbon dioxide (CO2) emissions excluding LULUCF per capita (t CO2e/capita),EN.GHG.CO2.PC.CE.AR5,2017,7.35156129174867
Philippines,PHL,Carbon dioxide (CO2) emissions excluding LULUCF per capita (t CO2e/capita),EN.GHG.CO2.PC.CE.AR5,2017,1.25437278109918
Singapore,SGP,Carbon dioxide (CO2) emissions excluding LULUCF per capita (t CO2e/capita),EN.GHG.CO2.PC.CE.AR5,2017,10.1381031824474
Thailand,THA,Carbon dioxide (CO2) emissions excluding LULUCF per capita (t CO2e/capita),EN.GHG.CO2.PC.CE.AR5,2017,3.8917772939523
World,WLD,Carbon dioxide (CO2) emissions excluding LULUCF per capita (t CO2e/capita),EN.GHG.CO2.PC.CE.AR5,2017,4.6751667531539
Brunei Darussalam,BRN,Carbon dioxide (CO2) emissions excluding LULUCF per capita (t CO2e/capita),EN.GHG.CO2.PC.CE.AR5,2018,18.3415180100957
Indonesia,IDN,Carbon dioxide (CO2) emissions excluding LULUCF per capita (t CO2e/capita),EN.GHG.CO2.PC.CE.AR5,2018,2.21327139952212
Cambodia,KHM,Carbon dioxide (CO2) emissions excluding LULUCF per capita (t CO2e/capita),EN.GHG.CO2.PC.CE.AR5,2018,0.757988468109847
Lao PDR,LAO,Carbon dioxide (CO2) emissions excluding LULUCF per capita (t CO2e/capita),EN.GHG.CO2.PC.CE.AR5,2018,2.78647230762432
Myanmar,MMR,Carbon dioxide (CO2) emissions excluding LULUCF per capita (t CO2e/capita),EN.GHG.CO2.PC.CE.AR5,2018,0.640911801629649
Malaysia,MYS,Carbon dioxide (CO2) emissions excluding LULUCF per capita (t CO2e/capita),EN.GHG.CO2.PC.CE.AR5,2018,7.7287671310296
Philippines,PHL,Carbon dioxide (CO2) emissions excluding LULUCF per capita (t CO2e/capita),EN.GHG.CO2.PC.CE.AR5,2018,1.29093253096756
Singapore,SGP,Carbon dioxide (CO2) emissions excluding LULUCF per capita (t CO2e/capita),EN.GHG.CO2.PC.CE.AR5,2018,9.61665468985982
Thailand,THA,Carbon dioxide (CO2) emissions excluding LULUCF per capita (t CO2e/capita),EN.GHG.CO2.PC.CE.AR5,2018,3.84702835805817
World,WLD,Carbon dioxide (CO2) emissions excluding LULUCF per capita (t CO2e/capita),EN.GHG.CO2.PC.CE.AR5,2018,4.74304009319394
Brunei Darussalam,BRN,Carbon dioxide (CO2) emissions excluding LULUCF per capita (t CO2e/capita),EN.GHG.CO2.PC.CE.AR5,2019,17.175612180356
Indonesia,IDN,Carbon dioxide (CO2) emissions excluding LULUCF per capita (t CO2e/capita),EN.GHG.CO2.PC.CE.AR5,2019,2.338843802504
Cambodia,KHM,Carbon dioxide (CO2) emissions excluding LULUCF per capita (t CO2e/capita),EN.GHG.CO2.PC.CE.AR5,2019,0.962005190851403
Lao PDR,LAO,Carbon dioxide (CO2) emissions excluding LULUCF per capita (t CO2e/capita),EN.GHG.CO2.PC.CE.AR5,2019,2.67627440783151
Myanmar,MMR,Carbon dioxide (CO2) emissions excluding LULUCF per capita (t CO2e/capita),EN.GHG.CO2.PC.CE.AR5,2019,0.65295468167386
Malaysia,MYS,Carbon dioxide (CO2) emissions excluding LULUCF per capita (t CO2e/capita),EN.GHG.CO2.PC.CE.AR5,2019,7.63165524920668
Philippines,PHL,Carbon dioxide (CO2) emissions excluding LULUCF per capita (t CO2e/capita),EN.GHG.CO2.PC.CE.AR5,2019,1.33475495796509
Singapore,SGP,Carbon dioxide (CO2) emissions excluding LULUCF per capita (t CO2e/capita),EN.GHG.CO2.PC.CE.AR5,2019,9.80130160606455
Thailand,THA,Carbon dioxide (CO2) emissions excluding LULUCF per capita (t CO2e/capita),EN.GHG.CO2.PC.CE.AR5,2019,3.97693747727893
World,WLD,Carbon dioxide (CO2) emissions excluding LULUCF per capita (t CO2e/capita),EN.GHG.CO2.PC.CE.AR5,2019,4.70786516510003
Brunei Darussalam,BRN,Carbon dioxide (CO2) emissions excluding LULUCF per capita (t CO2e/capita),EN.GHG.CO2.PC.CE.AR5,2020,22.1359218960939
Indonesia,IDN,Carbon dioxide (CO2) emissions excluding LULUCF per capita (t CO2e/capita),EN.GHG.CO2.PC.CE.AR5,2020,2.16241358646151
Cambodia,KHM,Carbon dioxide (CO2) emissions excluding LULUCF per capita (t CO2e/capita),EN.GHG.CO2.PC.CE.AR5,2020,0.992486072442551
Lao PDR,LAO,Carbon dioxide (CO2) emissions excluding LULUCF per capita (t CO2e/capita),EN.GHG.CO2.PC.CE.AR5,2020,2.645846687138
Myanmar,MMR,Carbon dioxide (CO2) emissions excluding LULUCF per capita (t CO2e/capita),EN.GHG.CO2.PC.CE.AR5,2020,0.654628004454913
Malaysia,MYS,Carbon dioxide (CO2) emissions excluding LULUCF per capita (t CO2e/capita),EN.GHG.CO2.PC.CE.AR5,2020,7.47703466654832
Philippines,PHL,Carbon dioxide (CO2) emissions excluding LULUCF per capita (t CO2e/capita),EN.GHG.CO2.PC.CE.AR5,2020,1.21162266692496
Singapore,SGP,Carbon dioxide (CO2) emissions excluding LULUCF per capita (t CO2e/capita),EN.GHG.CO2.PC.CE.AR5,2020,9.47610427156602
Thailand,THA,Carbon dioxide (CO2) emissions excluding LULUCF per capita (t CO2e/capita),EN.GHG.CO2.PC.CE.AR5,2020,3.8307274595261
World,WLD,Carbon dioxide (CO2) emissions excluding LULUCF per capita (t CO2e/capita),EN.GHG.CO2.PC.CE.AR5,2020,4.46660839076502
Brunei Darussalam,BRN,Carbon dioxide (CO2) emissions excluding LULUCF per capita (t CO2e/capita),EN.GHG.CO2.PC.CE.AR5,2021,21.5757071289579
Indonesia,IDN,Carbon dioxide (CO2) emissions excluding LULUCF per capita (t CO2e/capita),EN.GHG.CO2.PC.CE.AR5,2021,2.23779360089659
Cambodia,KHM,Carbon dioxide (CO2) emissions excluding LULUCF per capita (t CO2e/capita),EN.GHG.CO2.PC.CE.AR5,2021,0.988405710867102
Lao PDR,LAO,Carbon dioxide (CO2) emissions excluding LULUCF per capita (t CO2e/capita),EN.GHG.CO2.PC.CE.AR5,2021,3.19548907488521
Myanmar,MMR,Carbon dioxide (CO2) emissions excluding LULUCF per capita (t CO2e/capita),EN.GHG.CO2.PC.CE.AR5,2021,0.596140243761499
Malaysia,MYS,Carbon dioxide (CO2) emissions excluding LULUCF per capita (t CO2e/capita),EN.GHG.CO2.PC.CE.AR5,2021,7.55240028563929
Philippines,PHL,Carbon dioxide (CO2) emissions excluding LULUCF per capita (t CO2e/capita),EN.GHG.CO2.PC.CE.AR5,2021,1.28722791453122
Singapore,SGP,Carbon dioxide (CO2) emissions excluding LULUCF per capita (t CO2e/capita),EN.GHG.CO2.PC.CE.AR5,2021,10.2115753252092
Thailand,THA,Carbon dioxide (CO2) emissions excluding LULUCF per capita (t CO2e/capita),EN.GHG.CO2.PC.CE.AR5,2021,3.72927854057084
World,WLD,Carbon dioxide (CO2) emissions excluding LULUCF per capita (t CO2e/capita),EN.GHG.CO2.PC.CE.AR5,2021,4.67121986233945
Brunei Darussalam,BRN,Carbon dioxide (CO2) emissions excluding LULUCF per capita (t CO2e/capita),EN.GHG.CO2.PC.CE.AR5,2022,20.7490612029778
Indonesia,IDN,Carbon dioxide (CO2) emissions excluding LULUCF per capita (t CO2e/capita),EN.GHG.CO2.PC.CE.AR5,2022,2.35508357838392
Cambodia,KHM,Carbon dioxide (CO2) emissions excluding LULUCF per capita (t CO2e/capita),EN.GHG.CO2.PC.CE.AR5,2022,1.00888143537241
Lao PDR,LAO,Carbon dioxide (CO2) emissions excluding LULUCF per capita (t CO2e/capita),EN.GHG.CO2.PC.CE.AR5,2022,3.24790015408108
Myanmar,MMR,Carbon dioxide (CO2) emissions excluding LULUCF per capita (t CO2e/capita),EN.GHG.CO2.PC.CE.AR5,2022,0.602575075776013
Malaysia,MYS,Carbon dioxide (CO2) emissions excluding LULUCF per capita (t CO2e/capita),EN.GHG.CO2.PC.CE.AR5,2022,7.90714805522435
Philippines,PHL,Carbon dioxide (CO2) emissions excluding LULUCF per capita (t CO2e/capita),EN.GHG.CO2.PC.CE.AR5,2022,1.32180559851978
Singapore,SGP,Carbon dioxide (CO2) emissions excluding LULUCF per capita (t CO2e/capita),EN.GHG.CO2.PC.CE.AR5,2022,9.89125108967111
Thailand,THA,Carbon dioxide (CO2) emissions excluding LULUCF per capita (t CO2e/capita),EN.GHG.CO2.PC.CE.AR5,2022,3.84564905250522
World,WLD,Carbon dioxide (CO2) emissions excluding LULUCF per capita (t CO2e/capita),EN.GHG.CO2.PC.CE.AR5,2022,4.63181673071043
Brunei Darussalam,BRN,Carbon dioxide (CO2) emissions excluding LULUCF per capita (t CO2e/capita),EN.GHG.CO2.PC.CE.AR5,2023,21.1703261146663
Indonesia,IDN,Carbon dioxide (CO2) emissions excluding LULUCF per capita (t CO2e/capita),EN.GHG.CO2.PC.CE.AR5,2023,2.39886105222913
Cambodia,KHM,Carbon dioxide (CO2) emissions excluding LULUCF per capita (t CO2e/capita),EN.GHG.CO2.PC.CE.AR5,2023,1.03134893031862
Lao PDR,LAO,Carbon dioxide (CO2) emissions excluding LULUCF per capita (t CO2e/capita),EN.GHG.CO2.PC.CE.AR5,2023,3.39475848184075
Myanmar,MMR,Carbon dioxide (CO2) emissions excluding LULUCF per capita (t CO2e/capita),EN.GHG.CO2.PC.CE.AR5,2023,0.61640603897772
Malaysia,MYS,Carbon dioxide (CO2) emissions excluding LULUCF per capita (t CO2e/capita),EN.GHG.CO2.PC.CE.AR5,2023,8.06585140284353
Philippines,PHL,Carbon dioxide (CO2) emissions excluding LULUCF per capita (t CO2e/capita),EN.GHG.CO2.PC.CE.AR5,2023,1.40383511882403
Singapore,SGP,Carbon dioxide (CO2) emissions excluding LULUCF per capita (t CO2e/capita),EN.GHG.CO2.PC.CE.AR5,2023,9.64374697514959
Thailand,THA,Carbon dioxide (CO2) emissions excluding LULUCF per capita (t CO2e/capita),EN.GHG.CO2.PC.CE.AR5,2023,3.82358004996623
World,WLD,Carbon dioxide (CO2) emissions excluding LULUCF per capita (t CO2e/capita),EN.GHG.CO2.PC.CE.AR5,2023,4.67625858491052
